月平均,San Francisco雨量,San Francisco風速
Jan,0.01827957,0.901344086
Feb,0.036011905,0.937127976
Mar,0.030376344,0.927822581
Apr,0.061111111,1.173819444
May,0.836827957,1.282930108
Jun,0.123055556,1.633472222
Jul,0.073387097,1.551612903
Aug,0.433602151,1.322110215
Sep,0.236111111,1.147916667
Oct,0.027419355,1.093346774
Nov,0.000833333,1.018263889
Dec,0.057526882,1.031182796
