月平均,San Jose 雨量,San Jose 風速
Jan,0.019623656,1.039448925
Feb,0.011904762,1.070684524
Mar,0.04233871,1.158938172
Apr,0.093888889,1.349444444
May,0.786424731,1.025537634
Jun,0.164583333,1.210277778
Jul,0.240860215,1.236424731
Aug,0.668145161,1.037096774
Sep,0.200138889,1.28375
Oct,0.034946237,1.163642473
Nov,0.006111111,1.057083333
Dec,0.043010753,0.931451613
